COMISION;L1;M1;X1;J1;V1;S1;L2;M2;X2;J2;V2;S2
1K1;1;1;6;5;8;;1;1;6;11;7;
1K1;1;1;6;5;8;;1;1;6;11;7;
1K1;;;;;;;;;;;;
1K1;1;3;3;5;8;;1;3;3;7;7;
1K1;2;3;3;8;5;;2;3;3;7;7;
1K1;;;;;;;;;;;;
1K1;2;6;3;8;5;;2;6;3;7;11;
1K1;2;6;2;8;5;;2;6;2;7;11;
1K1;;;;;;;;;;;;
1K1;4;6;2;;;;4;6;2;;;
1K1;4;;;;;;4;;;;;
1K1;;;;;;;;;;;;
1K1;;;;;;;;;;;;
1K1;;;;;;;;;;;;
1K1;;;;;;;;;;;;
1K1;;;;;;;;;;;;
1K1;;;;;;;;;;;;
1K1;;;;;;;;;;;;
1K1;;;;;;;;;;;;
1K1;;;;;;;;;;;;
1K1;;;;;;;;;;;;
1K1;;;;;;;;;;;;
1K1;;;;;;;;;;;;
1K1;;;;;;;;;;;;
1K1;;;;;;;;;;;;
1K1B;1;1;6;5;8;;1;1;6;11;7;
1K1B;1;1;6;5;8;;1;1;6;11;7;
1K1B;;;;;;;;;;;;
1K1B;1;3;3;5;8;;1;3;3;7;7;
1K1B;2;3;3;8;5;;2;3;3;7;7;
1K1B;;;;;;;;;;;;
1K1B;2;6;3;8;5;;2;6;3;7;11;
1K1B;2;6;2;8;5;;2;6;2;7;11;
1K1B;;;;;;;;;;;;
1K1B;4;6;2;;;;4;6;2;;;
1K1B;4;;;;;;4;;;;;
1K1B;;;;;;;;;;;;
1K1B;;;;;;;;;;;;
1K1B;;;;;;;;;;;;
1K1B;;;;;;;;;;;;
1K1B;;;;;;;;;;;;
1K1B;;;;;;;;;;;;
1K1B;;;;;;;;;;;;
1K1B;;;;;;;;;;;;
1K1B;;;;;;;;;;;;
1K1B;;;;;;;;;;;;
1K1B;;;;;;;;;;;;
1K1B;;;;;;;;;;;;
1K1B;;;;;;;;;;;;
1K1B;;;;;;;;;;;;
1K2;6;8;6;5;2;;6;7;6;7;2;
1K2;6;8;6;5;2;;6;7;6;7;2;
1K2;;;;;;;;;;;;
1K2;6;8;1;5;3;;6;7;1;7;3;
1K2;2;5;1;8;3;;2;7;1;7;3;
1K2;;;;;;;;;;;;
1K2;2;5;3;8;1;;2;11;3;11;1;
1K2;2;5;3;8;1;;2;11;3;11;1;
1K2;;;;;;;;;;;;
1K2;4;;3;;1;;4;;3;;1;
1K2;4;;;;;;4;;;;;
1K2;;;;;;;;;;;;
1K2;;;;;;;;;;;;
1K2;;;;;;;;;;;;
1K2;;;;;;;;;;;;
1K2;;;;;;;;;;;;
1K2;;;;;;;;;;;;
1K2;;;;;;;;;;;;
1K2;;;;;;;;;;;;
1K2;;;;;;;;;;;;
1K2;;;;;;;;;;;;
1K2;;;;;;;;;;;;
1K2;;;;;;;;;;;;
1K2;;;;;;;;;;;;
1K2;;;;;;;;;;;;
1K3;2;1;5;8;3;;2;1;11;7;3;
1K3;2;1;5;8;3;;2;1;11;7;3;
1K3;;;;;;;;;;;;
1K3;2;1;5;8;3;;2;1;7;7;3;
1K3;1;2;8;5;6;;1;2;7;7;6;
1K3;;;;;;;;;;;;
1K3;1;2;8;5;6;;1;2;7;11;6;
1K3;6;3;8;5;6;;6;3;7;11;6;
1K3;;;;;;;;;;;;
1K3;6;3;;4;;;6;3;;4;;
1K3;;;;4;;;;;;4;;
1K3;;;;;;;;;;;;
1K3;;;;;;;;;;;;
1K3;;;;;;;;;;;;
1K3;;;;;;;;;;;;
1K3;;;;;;;;;;;;
1K3;;;;;;;;;;;;
1K3;;;;;;;;;;;;
1K3;;;;;;;;;;;;
1K3;;;;;;;;;;;;
1K3;;;;;;;;;;;;
1K3;;;;;;;;;;;;
1K3;;;;;;;;;;;;
1K3;;;;;;;;;;;;
1K3;;;;;;;;;;;;
1K4;1;1;8;6;5;;1;1;7;6;11;
1K4;1;1;8;6;5;;1;1;7;6;11;
1K4;;;;;;;;;;;;
1K4;1;6;8;6;5;;1;6;7;6;7;
1K4;3;6;5;2;8;;3;6;7;2;7;
1K4;;;;;;;;;;;;
1K4;3;2;5;2;8;;3;2;11;2;7;
1K4;3;2;5;3;8;;3;2;11;3;7;
1K4;;;;;;;;;;;;
1K4;;2;4;3;;;;2;4;3;;
1K4;;;4;;;;;;4;;;
1K4;;;;;;;;;;;;
1K4;;;;;;;;;;;;
1K4;;;;;;;;;;;;
1K4;;;;;;;;;;;;
1K4;;;;;;;;;;;;
1K4;;;;;;;;;;;;
1K4;;;;;;;;;;;;
1K4;;;;;;;;;;;;
1K4;;;;;;;;;;;;
1K4;;;;;;;;;;;;
1K4;;;;;;;;;;;;
1K4;;;;;;;;;;;;
1K4;;;;;;;;;;;;
1K4;;;;;;;;;;;;
1K5;2;1;8;;3;;2;1;7;11;3;
1K5;2;1;8;5;3;;2;1;7;11;3;
1K5;;;;;;;;;;;;
1K5;2;1;8;5;3;;2;1;7;7;3;
1K5;1;6;5;8;2;;1;6;7;7;2;
1K5;;;;;;;;;;;;
1K5;1;6;5;8;2;;1;6;11;7;2;
1K5;3;6;5;8;6;;3;6;11;7;6;
1K5;;;;;;;;;;;;
1K5;3;;;;6;;3;;;;6;
1K5;;;;;;;;;;;;
1K5;;;;;;;;;;;;
1K5;;;4;;;;;;4;;;
1K5;;;4;;;;;;4;;;
1K5;;;;;;;;;;;;
1K5;;;;;;;;;;;;
1K5;;;;;;;;;;;;
1K5;;;;;;;;;;;;
1K5;;;;;;;;;;;;
1K5;;;;;;;;;;;;
1K5;;;;;;;;;;;;
1K5;;;;;;;;;;;;
1K5;;;;;;;;;;;;
1K5;;;;;;;;;;;;
1K5;;;;;;;;;;;;
1K6;3;8;1;2;5;;3;7;1;2;7;
1K6;3;8;1;2;5;;3;7;1;2;7;
1K6;;;;;;;;;;;;
1K6;3;8;1;2;5;;3;7;1;2;7;
1K6;6;5;3;1;8;;6;7;3;1;7;
1K6;;;;;;;;;;;;
1K6;6;5;3;1;8;;6;11;3;1;;
1K6;6;5;2;6;8;;6;11;2;6;;
1K6;;;;;;;;;;;;
1K6;;;2;6;;;11;;2;6;;
1K6;;;;;;;11;;;;;
1K6;;;;;;;;;;;;
1K6;4;;;;;;4;;;;;
1K6;4;;;;;;4;;;;;
1K6;;;;;;;;;;;;
1K6;;;;;;;;;;;;
1K6;;;;;;;;;;;;
1K6;;;;;;;;;;;;
1K6;;;;;;;;;;;;
1K6;;;;;;;;;;;;
1K6;;;;;;;;;;;;
1K6;;;;;;;;;;;;
1K6;;;;;;;;;;;;
1K6;;;;;;;;;;;;
1K6;;;;;;;;;;;;
1K7;8;5;6;1;2;;7;11;6;1;2;
1K7;8;5;6;1;2;;7;11;6;1;2;
1K7;;;;;;;;;;;;
1K7;8;5;6;1;2;;7;7;6;1;2;
1K7;5;8;3;3;1;;7;7;3;3;1;
1K7;;;;;;;;;;;;
1K7;5;8;3;3;1;;11;7;3;3;1;
1K7;5;8;3;2;6;;11;7;3;2;6;
1K7;;;;;;;;;;;;
1K7;;;;2;6;;;;;2;6;
1K7;;;;;;;;;;;;
1K7;;;;;;;;;;;;
1K7;;;;4;;;;;;4;;
1K7;;;;4;;;;;;4;;
1K7;;;;;;;;;;;;
1K7;;;;;;;;;;;;
1K7;;;;;;;;;;;;
1K7;;;;;;;;;;;;
1K7;;;;;;;;;;;;
1K7;;;;;;;;;;;;
1K7;;;;;;;;;;;;
1K7;;;;;;;;;;;;
1K7;;;;;;;;;;;;
1K7;;;;;;;;;;;;
1K7;;;;;;;;;;;;
1K8;6;;6;7;;;6;;6;;;5
1K8;6;;6;7;;;6;;6;;;5
1K8;;;;;;;;;;;;
1K8;6;;;7;;;6;;;;;5
1K8;;7;;7;;;;;;;;5
1K8;;;;;;;;;;;;
1K8;;7;;;;;;;;;;5
1K8;;7;;;;;;;;;;5
1K8;;;;;;;;;;;;
1K8;;7;;;;;;;;;;
1K8;;;;;;;;;;;;
1K8;;;;;;;;;;;;
1K8;;;;;;;;;;;;
1K8;;;;;;;;;;;;
1K8;;;;;;;;;;;;
1K8;;;;;;;;;;;;
1K8;;;;;;;;;;;;
1K8;;;;;;;8;;8;;;
1K8;;;;;;;8;;8;;;
1K8;;;;;;;;;;;;
1K8;;;;;;;8;;8;;;
1K8;;;;;;;;;;;;
1K8;;;;;;;;;;;;
1K8;;;;;;;;;;;;
1K8;;;;;;;;;;;;
1K9;;;;;;;;;;;;
1K9;;;;;;;;;;;;
1K9;;;;;;;;;;;;
1K9;;;;;;;;;;;;
1K9;;;;;;;;;;;;
1K9;;;;;;;;;;;;
1K9;4;;;;;;4;;;;;
1K9;4;1;;;2;;4;1;;;2;
1K9;;;;;;;;;;;;
1K9;;;;;;;;;;;;
1K9;;;;;;;;;;;;
1K9;;;;;;;;;;;;
1K9;;;;;;;;;;;;
1K9;;;;;;;;;;;;
1K9;;;;;;;;;;;;
1K9;3;6;;8;6;;3;6;11;7;6;
1K9;;;;;;;;;;;;
1K9;;;;;;;;;;;;
1K9;;;;;;;;;;;;
1K9;;;;;;;;;;;;
1K9;;;;;;;;;;;;
1K9;;;;;;;;;;;;
1K9;;;;;;;;;;;;
1K9;;;;;;;;;;;;
1K9;;;;;;;;;;;;
1K9B;;;;;;;;;;;;
1K9B;;;;;;;;;;;;
1K9B;;;;;;;;;;;;
1K9B;;;;;;;;;;;;
1K9B;;;;;;;;;;;;
1K9B;;;;;;;;;;;;
1K9B;4;;;;;;4;;;;;
1K9B;4;1;;;2;;4;1;;;2;
1K9B;;;;;;;;;;;;
1K9B;;;;;;;;;;;;
1K9B;;;;;;;;;;;;
1K9B;;;;;;;;;;;;
1K9B;;;;;;;;;;;;
1K9B;;;;;;;;;;;;
1K9B;;;;;;;;;;;;
1K9B;3;6;;8;6;;3;6;11;7;6;
1K9B;;;;;;;;;;;;
1K9B;;;;;;;;;;;;
1K9B;;;;;;;;;;;;
1K9B;;;;;;;;;;;;
1K9B;;;;;;;;;;;;
1K9B;;;;;;;;;;;;
1K9B;;;;;;;;;;;;
1K9B;;;;;;;;;;;;
1K9B;;;;;;;;;;;;
1K10;;;;;;;;;;;;
1K10;;;;;;;;;;;;
1K10;;;;;;;;;;;;
1K10;;;;4;;;;;;4;;
1K10;;;;4;;;;;;4;;
1K10;;;;;;;;;;;;
1K10;;;;;;;;;;;;
1K10;;1;;;6;;;1;;;6;
1K10;;;;;;;;;;;;
1K10;2;1;5;8;6;;2;1;11;7;6;
1K10;2;1;5;8;6;;2;1;11;7;6;
1K10;;;;;;;;;;;;
1K10;;;;;;;;;;;;
1K10;3;6;8;5;1;;3;6;7;7;1;
1K10;;;;;;;;;;;;
1K10;3;3;8;5;2;;3;3;7;11;2;
1K10;;;;;;;;;;;;
1K10;;;;;;;;;;;;
1K10;;;;;;;;;;;;
1K10;;;;;;;;;;;;
1K10;;;;;;;;;;;;
1K10;;;;;;;;;;;;
1K10;;;;;;;;;;;;
1K10;;;;;;;;;;;;
1K10;;;;;;;;;;;;
1K11;;;;;;;;;;;;
1K11;;;;;;;;;;;;
1K11;;;;;;;;;;;;
1K11;;;;;;;;;;;;
1K11;;;;;;;;;;;;
1K11;;;;;;;;;;;;
1K11;;;;;;;;;;;;
1K11;;;;;;;;;;;;
1K11;;;;;;;;;;;;
1K11;;;;;7;;;5;;;5;
1K11;;;;;7;;;;;;;
1K11;;;;;;;;;;;;
1K11;;;;7;7;;;5;;;5;
1K11;;;;7;7;;;8;;;8;
1K11;;;;;;;;;;;;
1K11;;;;7;;;;;;;;
1K11;;;;;;;;;;;;
1K11;;;;;6;;;;;;6;
1K11;;;;;6;;;;;;6;
1K11;;;;;;;;;;;;
1K11;;;;;6;;;;;;6;
1K11;;;;;;;;;;;;
1K11;;;;;;;;;;;;
1K11;;;6;;;;;;6;;;
1K11;;;6;;;;;;6;;;
1K12;;;;;;;;;;;;
1K12;;;;;;;;;;;;
1K12;;;;;;;;;;;;
1K12;;;;;;;;;;;;
1K12;;;;;;;;;;;;
1K12;;;;;;;;;;;;
1K12;;;;;;;;;;;;
1K12;;;;;;;;;;;;
1K12;;;;;;;;;;;;
1K12;;;;;;;;;;;;
1K12;;;;;;;;;;;;
1K12;;;;;;;;;;;;
1K12;;;;;;;;;;;;
1K12;;;4;;;;;;4;;;
1K12;;;;;;;;;;;;
1K12;;;4;;;;;;4;;;
1K12;;;;;;;;;;;;
1K12;6;;1;8;6;;6;7;1;7;6;
1K12;;;;;;;;;;;;
1K12;;;;;;;;;;;;
1K12;;;;;;;;;;;;
1K12;;;;;;;;;;;;
1K12;;;;;;;;;;;;
1K12;;;;;;;;;;;;
1K12;1;8;3;;2;;1;11;3;11;2;
1K13;;;;;;;;;;;;
1K13;;;;;;;;;;;;
1K13;;;;;;;;;;;;
1K13;;;;;;;;;;;;
1K13;;;;;;;;;;;;
1K13;;;;;;;;;;;;
1K13;;;;;;;;;;;;
1K13;;;;;;;;;;;;
1K13;;;;;;;;;;;;
1K13;;;;;;;;;;;;
1K13;;;;;;;;;;;;
1K13;;;;;;;;;;;;
1K13;;;;;;;;;;;;
1K13;;;;;;;;;;;;
1K13;;;;;;;;;;;;
1K13;1;;2;4;;;1;;2;4;;
1K13;;;;;;;;;;;;
1K13;;;;;;;;;;;;
1K13;;;;;;;;;;;;
1K13;;;;;;;;;;;;
1K13;;;;;;;;;;;;
1K13;;;;;;;;;;;;
1K13;;;;;;;;;;;;
1K13;;;;;;;;;;;;
1K13;;;;;;;;;;;;
1K14;1;1;6;5;8;;1;1;6;11;7;
1K14;1;1;6;5;8;;1;1;6;11;7;
1K14;;;;;;;;;;;;
1K14;1;3;3;5;8;;1;3;3;7;7;
1K14;2;3;3;8;5;;2;3;3;7;7;
1K14;;;;;;;;;;;;
1K14;2;6;3;8;5;;2;6;3;7;11;
1K14;2;6;2;8;5;;2;6;2;7;11;
1K14;;;;;;;;;;;;
1K14;4;6;2;;;;4;6;2;;;
1K14;4;;;;;;4;;;;;
1K14;;;;;;;;;;;;
1K14;;;;;;;;;;;;
1K14;;;;;;;;;;;;
1K14;;;;;;;;;;;;
1K14;;;;;;;;;;;;
1K14;;;;;;;;;;;;
1K14;;;;;;;;;;;;
1K14;;;;;;;;;;;;
1K14;;;;;;;;;;;;
1K14;;;;;;;;;;;;
1K14;;;;;;;;;;;;
1K14;;;;;;;;;;;;
1K14;;;;;;;;;;;;
1K14;;;;;;;;;;;;
1K16;;;;;;;;;;;;5
1K16;;;;;;;;;;;;5
1K16;;;;;;;;;;;;
1K16;;;;;;;;;;;;5
1K16;;;;;;;;;;;;5
1K16;;;;;;;;;;;;
1K16;;;;;;;;;;;;
1K16;;;;;;;;;;;;5
1K16;;;;;;;;;;;;
1K16;;;;;;;;;;;;
1K16;;;;;;;;;;;;
1K16;;;;;;;;;;;;
1K16;;;;;;;;;;;;
1K16;;;;;;;;8;;8;;
1K16;;;;;;;;;;;;
1K16;6;;;;;;6;8;;8;;
1K16;;;;;;;;;;;;
1K16;;;;;6;;;;;;6;
1K16;;;;;6;;;;;;6;
1K16;;;;;;;;;;;;
1K16;;;;;6;;;;;;6;
1K16;;;;;;;;;;;;
1K16;;;;;;;;;;;;
1K16;;;;;;;;;;;;
1K16;;;;;;;;;;;;
1K17;1;1;8;6;5;;1;1;7;6;11;
1K17;1;1;8;6;5;;1;1;7;6;11;
1K17;;;;;;;;;;;;
1K17;1;6;8;6;5;;1;6;7;6;7;
1K17;3;6;5;2;8;;3;6;7;2;7;
1K17;;;;;;;;;;;;
1K17;3;2;5;2;8;;3;2;11;2;7;
1K17;3;2;5;3;8;;3;2;11;3;7;
1K17;;;;;;;;;;;;
1K17;;2;4;3;;;;2;4;3;;
1K17;;;4;;;;;;4;;;
1K17;;;;;;;;;;;;
1K17;;;;;;;;;;;;
1K17;;;;;;;;;;;;
1K17;;;;;;;;;;;;
1K17;;;;;;;;;;;;
1K17;;;;;;;;;;;;
1K17;;;;;;;;;;;;
1K17;;;;;;;;;;;;
1K17;;;;;;;;;;;;
1K17;;;;;;;;;;;;
1K17;;;;;;;;;;;;
1K17;;;;;;;;;;;;
1K17;;;;;;;;;;;;
1K17;;;;;;;;;;;;
