NIVEL;ORDEN;SIGLA;NOMBRE;ESPEC;MODALIDAD;REG;APR;HORAS;PUNTOS
1;1;;Análisis Matemático I;B;A;0;0;5;0
1;2;;Algebra y Geometría analítica;B;A;0;0;5;0
1;3;;Ingeniería y Sociedad;B;A;0;0;2;0
1;4;;Ingeniería Civil I;C;1C;0;0;3;0
1;5;;Sistemas de Representación;B;2C;0;0;3;0
1;6;;Química General;B;A;0;0;5;0
1;7;;Física I;B;A;0;0;5;0
1;8;;Fundamentos de Informática;C;2C;0;0;2;0
2;9;;Análisis Matemático II;B;A;1-2;0;5;0
2;10;;Estabilidad;C;A;1-2-5-7-8;0;5;0
2;11;;Ingeniería Civil II (E.I);C;A;3-4-5-8;0;3;0
2;12;;Tecnología de los Materiales;C;A;1-5-6-7;0;4;0
2;13;;Física II;B;A;1-7;0;5;0
2;14;;Probabilidad y Estadística;B;A;1-2;0;3;0
2;15;;Inglés I;B;A;3;0;2;0
3;16;;Resistencia de Materiales;C;1C;10;1-2-7-8;4;0
3;17;;Tecnología del Hormigón;C;2C;12-14-15;1-2-6-7;2;0
3;18;;Tecnología de la Construcción;C;A;10-11-12-15;1-2-4-5-6-7-8;6;0
3;19;;Geotopografia;C;A;9-11-13-14;1-2-4-5-7;4;0
3;20;;Hidráulica General y Aplicada;C;A;9-10-11-13-14;1-2-5-7-8;5;0
3;21;;Cálculo Avanzado;B;2C;9-10-12-14;1-2-5-7-8;2;0
3;22;;Instalaciones Eléctricas y Acústicas;C;2C;11-12-13;1-2-4-5-6-7;2;0
3;23;;Instalaciones Termomecánicas;C;1C;11-12-13;1-2-4-5-6-7;2;0
3;24;;Economía;B;A;11-14-15;1-2-3-4-8;3;0
3;25;;Inglés II;B;A;15;3-4;2;0
4;26;;Geotecnia;C;1C;16-17-18-19-20;9-10-11-12-13-14;5;0
4;27;;Instalaciones Sanitarias y de Gas;C;A;18-19-20-24;5-6-7-8-12;3;0
4;28;;Diseño Arquitectónico, Planeamiento y Urbanismo (E.I);C;A;18-19-22-23-24-25;10-11-12-15;5;0
4;29;;Análisis Estructural I;C;1C;16-17;9-10-11-14;5;0
4;30;;Estructuras de Hormigón;C;2C;16-17-18-19-25;9-10-11-12-13-14;5;0
4;31;;Hidrología y Obras Hidráulicas;C;A;16-18-19-20-24-25;9-10-11-12-13-14;4;0
4;32;;Ingeniería Legal;C;2C;9-11-14-15;1-2-3-4-8;3;0
5;33;;Construcciones Metálicas y de Madera;C;2C;21-29;16-17-18-19;4;0
5;34;;Cimentaciones;C;1C;21-26-29-30-31;16-17-18-19-20;3;0
5;35;;Ingeniería Sanitaria;C;A;26-27-31;17-18-19-20-25;3;0
5;36;;Organización y Conducción de Obras;C;A;26-27-28-30-31;17-18-19-20-22-23-24-25;5;0
5;37;;Vías de Comunicación I;C;1C;17-18-19;9-10-11-12-14-15;4;0
5;38;;Análisis Estructural II;C;1C;21-26-29-30-31;16-17-18-19-25;5;0
5;39;;Vías de Comunicación II;C;2C;26-30-31-32-37;16-17-18-19-20-24;4;0
5;40;;Gestión Ambiental y Desarrollo Sustentable;C;2C;26-28-31-32;20-24-25;3;0
6;41;;Proyecto Final (E.I);C;1C;26-27-28-29-30-31-32;15-16-17-18-19-20-22-23-24-25;4;0
9;100;;Prácticas supervisadas*;C;A;0;0;150;0
9;101;;Análisis Estructural III;C;2C;34-38;26-29-30;6;0
9;102;;Dinámica Estructural;C;2C;29-34-38;26-30;6;0
9;103;;Diseño Arquitectónico y planeamiento;C;1C-2C;24-26-32;18-28;6;0
9;104;;Geotecnia Experimental;C;2C;34;26;6;0
9;105;;Hidrología Urbana;C;1C;28-31;20;6;0
9;106;;Línea de Rivera y Ordenamiento Territorial;C;1C;18-30-31-32-34;20-26-27;6;0
9;107;;Obras Fluviales y Marítimas;C;1C;31;20-26;6;0
9;108;;Obras Subterráneas;C;2C;34;26;6;0
9;109;;Vialidad Especial;C;2C;31-39;11-19-37;6;0
9;110;;Prefabricación;C;2C;34;30;4;0
9;111;;Puentes;C;1C;33-34-38;30;6;0
9;112;;Introducción a los Sistemas de Información Geográficos;C;1C;31;19-21;6;0
9;113;;Tránsito y Transporte;C;2C;34;19-37;6;0
9;114;;Uso del Recurso Hidrico;C;2C;30-31-32-34-37;20-27;6;0
